<?xml version="1.0" encoding="UTF-8"?>
<document type="com.apple.InterfaceBuilder3.CocoaTouch.Storyboard.XIB" version="3.0" toolsVersion="17701" targetRuntime="iOS.CocoaTouch" propertyAccessControl="none" useAutolayout="YES" useTraitCollections="YES" useSafeAreas="YES" colorMatched="YES" initialViewController="c9S-fA-rLh">
    <device id="retina6_1" orientation="portrait" appearance="light"/>
    <dependencies>
        <plugIn identifier="com.apple.InterfaceBuilder.IBCocoaTouchPlugin" version="17703"/>
        <capability name="Safe area layout guides" minToolsVersion="9.0"/>
        <capability name="System colors in document resources" minToolsVersion="11.0"/>
        <capability name="documents saved in the Xcode 8 format" minToolsVersion="8.0"/>
    </dependencies>
    <scenes>
        <!--Cities list-->
        <scene sceneID="k5j-rh-bGW">
            <objects>
                <tableViewController id="ROD-Mf-wAE" customClass="citiesTVC" customModule="Pogoda_Starodubtsev" customModuleProvider="target" sceneMemberID="viewController">
                    <tableView key="view" clipsSubviews="YES" contentMode="scaleToFill" alwaysBounceVertical="YES" dataMode="prototypes" style="plain" separatorStyle="default" rowHeight="-1" estimatedRowHeight="-1" sectionHeaderHeight="28" sectionFooterHeight="28" id="xP8-ju-TYS">
                        <rect key="frame" x="0.0" y="0.0" width="414" height="896"/>
                        <autoresizingMask key="autoresizingMask" widthSizable="YES" heightSizable="YES"/>
                        <color key="backgroundColor" systemColor="systemBackgroundColor"/>
                        <prototypes>
                            <tableViewCell clipsSubviews="YES" contentMode="scaleToFill" preservesSuperviewLayoutMargins="YES" selectionStyle="default" indentationWidth="10" id="M1f-lI-cpM" customClass="citiesNameCell">
                                <rect key="frame" x="0.0" y="28" width="414" height="43.5"/>
                                <autoresizingMask key="autoresizingMask"/>
                                <tableViewCellContentView key="contentView" opaque="NO" clipsSubviews="YES" multipleTouchEnabled="YES" contentMode="center" preservesSuperviewLayoutMargins="YES" insetsLayoutMarginsFromSafeArea="NO" tableViewCell="M1f-lI-cpM" id="Fzm-sD-thV">
                                    <rect key="frame" x="0.0" y="0.0" width="414" height="43.5"/>
                                    <autoresizingMask key="autoresizingMask"/>
                                    <subviews>
                                        <label opaque="NO" userInteractionEnabled="NO" contentMode="left" horizontalHuggingPriority="251" verticalHuggingPriority="251" fixedFrame="YES" text="cityName" textAlignment="natural" lineBreakMode="tailTruncation" baselineAdjustment="alignBaselines" adjustsFontSizeToFit="NO" translatesAutoresizingMaskIntoConstraints="NO" id="sEA-Fm-Ae2">
                                            <rect key="frame" x="20" y="11" width="73" height="21"/>
                                            <autoresizingMask key="autoresizingMask" flexibleMaxX="YES" flexibleMaxY="YES"/>
                                            <fontDescription key="fontDescription" type="system" pointSize="17"/>
                                            <nil key="textColor"/>
                                            <nil key="highlightedColor"/>
                                        </label>
                                        <label opaque="NO" userInteractionEnabled="NO" contentMode="left" horizontalHuggingPriority="251" verticalHuggingPriority="251" fixedFrame="YES" text="temp" textAlignment="natural" lineBreakMode="tailTruncation" baselineAdjustment="alignBaselines" adjustsFontSizeToFit="NO" translatesAutoresizingMaskIntoConstraints="NO" id="daS-F4-0yA">
                                            <rect key="frame" x="352" y="11" width="40" height="21"/>
                                            <autoresizingMask key="autoresizingMask" flexibleMaxX="YES" flexibleMaxY="YES"/>
                                            <fontDescription key="fontDescription" type="system" pointSize="17"/>
                                            <nil key="textColor"/>
                                            <nil key="highlightedColor"/>
                                        </label>
                                    </subviews>
                                </tableViewCellContentView>
                            </tableViewCell>
                        </prototypes>
                        <connections>
                            <outlet property="dataSource" destination="ROD-Mf-wAE" id="KHw-e0-5Lu"/>
                            <outlet property="delegate" destination="ROD-Mf-wAE" id="Zv6-6M-AO9"/>
                        </connections>
                    </tableView>
                    <navigationItem key="navigationItem" title="Cities list" id="KFV-a0-z2c">
                        <barButtonItem key="rightBarButtonItem" image="plus" catalog="system" style="plain" id="uP5-10-odC">
                            <button key="customView" opaque="NO" contentMode="scaleToFill" contentHorizontalAlignment="center" contentVerticalAlignment="center" lineBreakMode="middleTruncation" id="nVH-JO-PNZ">
                                <rect key="frame" x="376" y="11" width="18" height="22"/>
                                <autoresizingMask key="autoresizingMask" flexibleMaxX="YES" flexibleMaxY="YES"/>
                                <state key="normal" image="plus" catalog="system"/>
                            </button>
                            <connections>
                                <action selector="addCItyAction:" destination="ROD-Mf-wAE" id="cOd-QK-sWr"/>
                            </connections>
                        </barButtonItem>
                    </navigationItem>
                    <connections>
                        <outlet property="cityTableView" destination="xP8-ju-TYS" id="3bL-lO-Hm0"/>
                        <segue destination="rc4-S7-SBq" kind="show" identifier="goDetailSegue" id="LYY-tZ-Dsh"/>
                    </connections>
                </tableViewController>
                <placeholder placeholderIdentifier="IBFirstResponder" id="1Vc-Wr-78h" userLabel="First Responder" customClass="UIResponder" sceneMemberID="firstResponder"/>
            </objects>
            <point key="canvasLocation" x="-189.85507246376812" y="76.339285714285708"/>
        </scene>
        <!--Detail View Controller-->
        <scene sceneID="vJ2-PI-ngR">
            <objects>
                <viewController id="rc4-S7-SBq" customClass="DetailViewController" sceneMemberID="viewController">
                    <view key="view" contentMode="scaleToFill" id="cO3-fx-lLW">
                        <rect key="frame" x="0.0" y="0.0" width="414" height="896"/>
                        <autoresizingMask key="autoresizingMask" widthSizable="YES" heightSizable="YES"/>
                        <viewLayoutGuide key="safeArea" id="tvt-OC-Dbj"/>
                        <color key="backgroundColor" systemColor="systemBackgroundColor"/>
                    </view>
                    <navigationItem key="navigationItem" id="hiL-h4-edp"/>
                </viewController>
                <placeholder placeholderIdentifier="IBFirstResponder" id="9Bz-VJ-gl2" userLabel="First Responder" customClass="UIResponder" sceneMemberID="firstResponder"/>
            </objects>
            <point key="canvasLocation" x="694" y="76"/>
        </scene>
        <!--Navigation Controller-->
        <scene sceneID="eof-Wn-kIg">
            <objects>
                <navigationController id="c9S-fA-rLh" sceneMemberID="viewController">
                    <navigationBar key="navigationBar" contentMode="scaleToFill" id="1Bq-U6-9RQ">
                        <rect key="frame" x="0.0" y="44" width="414" height="44"/>
                        <autoresizingMask key="autoresizingMask"/>
                    </navigationBar>
                    <connections>
                        <segue destination="ROD-Mf-wAE" kind="relationship" relationship="rootViewController" id="oIL-Nz-kh8"/>
                    </connections>
                </navigationController>
                <placeholder placeholderIdentifier="IBFirstResponder" id="tcP-De-Ecc" userLabel="First Responder" customClass="UIResponder" sceneMemberID="firstResponder"/>
            </objects>
            <point key="canvasLocation" x="-1014" y="76"/>
        </scene>
    </scenes>
    <resources>
        <image name="plus" catalog="system" width="128" height="113"/>
        <systemColor name="systemBackgroundColor">
            <color white="1" alpha="1" colorSpace="custom" customColorSpace="genericGamma22GrayColorSpace"/>
        </systemColor>
    </resources>
</document>
